{
  "/purchase.php-140" : {
    "transaction" : "/purchase.php-140",
    "sampleCount" : 50,
    "errorCount" : 0,
    "errorPct" : 0.0,
    "meanResTime" : 448.3999999999999,
    "medianResTime" : 415.5,
    "minResTime" : 325.0,
    "maxResTime" : 777.0,
    "pct1ResTime" : 606.3,
    "pct2ResTime" : 718.4999999999997,
    "pct3ResTime" : 777.0,
    "throughput" : 4.289268250836407,
    "receivedKBytesPerSec" : 7.298541782834349,
    "sentKBytesPerSec" : 2.8734746289782964
  },
  "/confirmation.php-141" : {
    "transaction" : "/confirmation.php-141",
    "sampleCount" : 50,
    "errorCount" : 0,
    "errorPct" : 0.0,
    "meanResTime" : 426.64000000000004,
    "medianResTime" : 398.0,
    "minResTime" : 321.0,
    "maxResTime" : 604.0,
    "pct1ResTime" : 546.9,
    "pct2ResTime" : 595.35,
    "pct3ResTime" : 604.0,
    "throughput" : 4.359958144401814,
    "receivedKBytesPerSec" : 6.494038438480991,
    "sentKBytesPerSec" : 3.427506158440879
  },
  "Total" : {
    "transaction" : "Total",
    "sampleCount" : 200,
    "errorCount" : 0,
    "errorPct" : 0.0,
    "meanResTime" : 464.4600000000001,
    "medianResTime" : 412.5,
    "minResTime" : 321.0,
    "maxResTime" : 1200.0,
    "pct1ResTime" : 643.8000000000001,
    "pct2ResTime" : 692.95,
    "pct3ResTime" : 1137.7500000000011,
    "throughput" : 14.769957905619968,
    "receivedKBytesPerSec" : 22.41110331585555,
    "sentKBytesPerSec" : 9.231223691012481
  },
  "/-133" : {
    "transaction" : "/-133",
    "sampleCount" : 50,
    "errorCount" : 0,
    "errorPct" : 0.0,
    "meanResTime" : 515.8799999999995,
    "medianResTime" : 470.0,
    "minResTime" : 328.0,
    "maxResTime" : 1139.0,
    "pct1ResTime" : 717.3,
    "pct2ResTime" : 925.4499999999994,
    "pct3ResTime" : 1139.0,
    "throughput" : 4.030957755562722,
    "receivedKBytesPerSec" : 5.640427860972267,
    "sentKBytesPerSec" : 1.7438616071428572
  },
  "/reserve.php-139" : {
    "transaction" : "/reserve.php-139",
    "sampleCount" : 50,
    "errorCount" : 0,
    "errorPct" : 0.0,
    "meanResTime" : 466.9199999999999,
    "medianResTime" : 424.0,
    "minResTime" : 329.0,
    "maxResTime" : 1200.0,
    "pct1ResTime" : 665.5,
    "pct2ResTime" : 705.7499999999998,
    "pct3ResTime" : 1200.0,
    "throughput" : 4.305519676224921,
    "receivedKBytesPerSec" : 6.368048603935245,
    "sentKBytesPerSec" : 2.632085270817188
  }
}